--
-- PostgreSQL database dump
--

-- Dumped from database version 13.1
-- Dumped by pg_dump version 14.1

-- Started on 2022-01-14 21:50:24

SET statement_timeout = 0;
SET lock_timeout = 0;
SET idle_in_transaction_session_timeout = 0;
SET client_encoding = 'UTF8';
SET standard_conforming_strings = on;
SELECT pg_catalog.set_config('search_path', '', false);
SET check_function_bodies = false;
SET xmloption = content;
SET client_min_messages = warning;
SET row_security = off;


COMMENT ON SCHEMA public IS 'standard public schema';


SET default_tablespace = '';

SET default_table_access_method = heap;

--
-- TOC entry 200 (class 1259 OID 16385)
-- Name: answer; Type: TABLE; Schema: public; Owner: postgres
--

CREATE TABLE public.answer (
                               id integer NOT NULL,
                               name character varying(255) NOT NULL,
                               lang_code character varying(255)
);


ALTER TABLE public.answer OWNER TO postgres;

--
-- TOC entry 201 (class 1259 OID 16391)
-- Name: answer_id_seq; Type: SEQUENCE; Schema: public; Owner: postgres
--

ALTER TABLE public.answer ALTER COLUMN id ADD GENERATED BY DEFAULT AS IDENTITY (
    SEQUENCE NAME public.answer_id_seq
    START WITH 1
              INCREMENT BY 1
              NO MINVALUE
              NO MAXVALUE
              CACHE 1
              );


--
-- TOC entry 202 (class 1259 OID 16393)
-- Name: flashcard; Type: TABLE; Schema: public; Owner: postgres
--

CREATE TABLE public.flashcard (
                                  id integer NOT NULL,
                                  answer integer,
                                  question integer,
                                  users character varying(255),
                                  is_used boolean,
                                  creation_date timestamp without time zone
);


ALTER TABLE public.flashcard OWNER TO postgres;

--
-- TOC entry 203 (class 1259 OID 16396)
-- Name: hibernate_sequence; Type: SEQUENCE; Schema: public; Owner: postgres
--

CREATE SEQUENCE public.hibernate_sequence
    START WITH 1
    INCREMENT BY 1
    NO MINVALUE
    NO MAXVALUE
    CACHE 1;


ALTER TABLE public.hibernate_sequence OWNER TO postgres;

--
-- TOC entry 204 (class 1259 OID 16398)
-- Name: language; Type: TABLE; Schema: public; Owner: postgres
--

CREATE TABLE public.language (
                                 id integer NOT NULL,
                                 lang_code character varying(2) NOT NULL,
                                 name character varying(255) NOT NULL
);


ALTER TABLE public.language OWNER TO postgres;

--
-- TOC entry 205 (class 1259 OID 16401)
-- Name: question; Type: TABLE; Schema: public; Owner: postgres
--

CREATE TABLE public.question (
                                 id integer NOT NULL,
                                 name character varying(255) NOT NULL,
                                 lang_code character varying(255)
);


ALTER TABLE public.question OWNER TO postgres;

--
-- TOC entry 206 (class 1259 OID 16407)
-- Name: question_id_seq; Type: SEQUENCE; Schema: public; Owner: postgres
--

ALTER TABLE public.question ALTER COLUMN id ADD GENERATED BY DEFAULT AS IDENTITY (
    SEQUENCE NAME public.question_id_seq
    START WITH 1
              INCREMENT BY 1
              NO MINVALUE
              NO MAXVALUE
              CACHE 1
              );


--
-- TOC entry 207 (class 1259 OID 16409)
-- Name: quiz; Type: TABLE; Schema: public; Owner: postgres
--

CREATE TABLE public.quiz (
                             id integer NOT NULL,
                             name character varying(255) NOT NULL,
                             score integer,
                             users character varying(255)
);


ALTER TABLE public.quiz OWNER TO postgres;

--
-- TOC entry 208 (class 1259 OID 16415)
-- Name: quiz_flashcards; Type: TABLE; Schema: public; Owner: postgres
--

CREATE TABLE public.quiz_flashcards (
                                        id integer NOT NULL,
                                        flashcard integer,
                                        quiz integer,
                                        user_answer character varying(255)
);


ALTER TABLE public.quiz_flashcards OWNER TO postgres;

--
-- TOC entry 209 (class 1259 OID 16418)
-- Name: users; Type: TABLE; Schema: public; Owner: postgres
--

CREATE TABLE public.users (
                              id integer NOT NULL,
                              email character varying(255) NOT NULL,
                              password character varying(255) NOT NULL,
                              role character varying(5) DEFAULT 'user'::character varying,
                              username character varying(255) NOT NULL
);


ALTER TABLE public.users OWNER TO postgres;

--
-- TOC entry 210 (class 1259 OID 16425)
-- Name: users_id_seq; Type: SEQUENCE; Schema: public; Owner: postgres
--

ALTER TABLE public.users ALTER COLUMN id ADD GENERATED BY DEFAULT AS IDENTITY (
    SEQUENCE NAME public.users_id_seq
    START WITH 1
              INCREMENT BY 1
              NO MINVALUE
              NO MAXVALUE
              CACHE 1
              );


--
-- TOC entry 3043 (class 0 OID 16385)
-- Dependencies: 200
-- Data for Name: answer; Type: TABLE DATA; Schema: public; Owner: postgres
--

COPY public.answer (id, name, lang_code) FROM stdin;
3	goose	en
4	fish	en
5	chicken	en
6	sheep	en
7	ant	en
8	penguin	en
9	dolphin	en
10	duck	en
11	frog	en
12	monkey	en
13	bee	en
14	dog	en
15	tiger	en
16	pig	en
17	horse	en
18	bear	en
19	cow	en
20	cat	en
21	lion	en
22	wolf	en
23	bird	en
24	rabbit	en
25	elephant	en
26	wyjście awaryjne	pl
27	paszport	pl
28	dowód osobisty	pl
29	przylot	pl
30	bagaż	pl
31	ochroniarz	pl
32	kamizelka ratunkowa	pl
33	odlot	pl
34	lądowanie	pl
35	kontrola urzędu imigracyjnego	pl
36	miejsce przy oknie	pl
37	stanowisko odprawy	pl
38	lot	pl
39	cel podróży	pl
40	kapitan	pl
41	kontrola paszportowa	pl
42	plane	pl
43	kantor wymiany walut	pl
44	opóźniony	pl
100	actress	en
101	consent	en
102	turn	en
103	beneath	en
104	complex	en
105	rivalry	en
106	game	en
107	image	en
108	concentration	en
109	conclusion	en
110	scheme	en
111	diet	en
112	equivalent	en
113	escape	en
114	square	en
115	subject	en
116	method	en
117	key	en
118	stick	en
119	tiny	en
120	shop	en
121	cloud	en
122	bottle	en
123	flower	en
124	chair	en
125	rug	en
126	lamp	en
127	concrete	en
128	vase	en
129	doors	en
130	ogarnać	pl
131	rozmnażać się	pl
132	egzekwowanie prawat	pl
133	realizować	pl
134	nieanonimowo	pl
135	pośród	pl
136	ponoć	pl
137	rząd	pl
138	przyjaciel	pl
139	siła	pl
140	zdrowie	pl
141	społeczność	pl
142	godzina	pl
143	życie	pl
144	minuta	pl
145	biuro	pl
146	moc	pl
147	impreza	pl
148	usługa	pl
149	student	pl
150	drużyna	pl
151	wojna	pl
152	woda	pl
153	dżungla	pl
154	nauczyciel	pl
155	opowieść	pl
156	ser	pl
157	bekon	pl
158	chleb	pl
159	sok	pl
\.


--
-- TOC entry 3045 (class 0 OID 16393)
-- Dependencies: 202
-- Data for Name: flashcard; Type: TABLE DATA; Schema: public; Owner: postgres
--

COPY public.flashcard (id, answer, question, users, is_used, creation_date) FROM stdin;
16	14	14	admin	f	2022-01-14 20:45:59.400
17	15	15	admin	f	2022-01-14 20:45:59.401
18	16	16	admin	f	2022-01-14 20:45:59.402
19	17	17	admin	f	2022-01-14 20:45:59.403
20	18	18	admin	f	2022-01-14 20:45:59.404
21	19	19	admin	f	2022-01-14 20:45:59.405
22	20	20	admin	f	2022-01-14 20:45:59.406
23	21	21	admin	f	2022-01-14 20:45:59.407
24	22	22	admin	f	2022-01-14 20:45:59.408
25	23	23	admin	f	2022-01-14 20:45:59.409
26	24	24	admin	f	2022-01-14 20:45:59.410
27	25	25	admin	f	2022-01-14 20:45:59.411
28	26	26	admin	f	2022-01-14 20:45:59.412
29	27	27	admin	f	2022-01-14 20:45:59.413
30	28	28	admin	f	2022-01-14 20:45:59.414
31	29	29	admin	f	2022-01-14 20:45:59.415
32	30	30	admin	f	2022-01-14 20:45:59.416
33	31	31	admin	f	2022-01-14 20:45:59.417
34	32	32	admin	f	2022-01-14 20:45:59.418
35	33	33	admin	f	2022-01-14 20:45:59.419
36	34	34	admin	f	2022-01-14 20:45:59.420
37	35	35	admin	f	2022-01-14 20:45:59.421
38	36	36	admin	f	2022-01-14 20:45:59.422
39	37	37	admin	f	2022-01-14 20:45:59.423
40	38	38	admin	f	2022-01-14 20:45:59.424
41	39	39	admin	f	2022-01-14 20:45:59.425
42	40	40	admin	f	2022-01-14 20:45:59.426
43	41	41	admin	f	2022-01-14 20:45:59.427
44	42	42	admin	f	2022-01-14 20:45:59.428
45	43	43	admin	f	2022-01-14 20:45:59.429
46	44	44	admin	f	2022-01-14 20:45:59.430
100	100	100	testuser	f	2022-01-14 20:45:59.431
112	112	112	user	f	2022-01-14 20:45:59.432
113	113	113	user	f	2022-01-14 20:45:59.433
114	114	114	user	f	2022-01-14 20:45:59.434
115	115	115	user	f	2022-01-14 20:45:59.435
127	127	127	testuser	f	2022-01-14 20:45:59.437
128	128	128	testuser	f	2022-01-14 20:45:59.438
129	129	129	testuser	f	2022-01-14 20:45:59.439
130	130	130	user	f	2022-01-14 20:45:59.440
131	131	131	user	f	2022-01-14 20:45:59.441
132	132	132	user	f	2022-01-14 20:45:59.442
133	133	133	user	f	2022-01-14 20:45:59.443
134	134	134	user	f	2022-01-14 20:45:59.444
135	135	135	user	f	2022-01-14 20:45:59.445
136	136	136	user	f	2022-01-14 20:45:59.446
137	137	137	user	f	2022-01-14 20:45:59.447
138	138	138	user	f	2022-01-14 20:45:59.448
139	139	139	user	f	2022-01-14 20:45:59.449
140	140	140	user	f	2022-01-14 20:45:59.450
141	141	141	user	f	2022-01-14 20:45:59.451
142	142	142	user	f	2022-01-14 20:45:59.452
143	143	143	user	f	2022-01-14 20:45:59.453
144	144	144	user	f	2022-01-14 20:45:59.454
145	145	145	testuser	f	2022-01-14 20:45:59.455
146	146	146	testuser	f	2022-01-14 20:45:59.456
147	147	147	testuser	f	2022-01-14 20:45:59.457
148	148	148	testuser	f	2022-01-14 20:45:59.458
149	149	149	testuser	f	2022-01-14 20:45:59.459
150	150	150	testuser	f	2022-01-14 20:45:59.460
151	151	151	testuser	f	2022-01-14 20:45:59.461
152	152	152	testuser	f	2022-01-14 20:45:59.462
153	153	153	testuser	f	2022-01-14 20:45:59.463
154	154	154	testuser	f	2022-01-14 20:45:59.464
155	155	155	testuser	f	2022-01-14 20:45:59.465
156	156	156	testuser	f	2022-01-14 20:45:59.466
157	157	157	testuser	f	2022-01-14 20:45:59.467
158	158	158	testuser	f	2022-01-14 20:45:59.468
159	159	159	testuser	f	2022-01-14 20:45:59.469
5	3	3	admin	t	2022-01-14 20:45:59.470
6	4	4	admin	t	2022-01-14 20:45:59.471
7	5	5	admin	t	2022-01-14 20:45:59.472
8	6	6	admin	t	2022-01-14 20:45:59.473
9	7	7	admin	t	2022-01-14 20:45:59.474
10	8	8	admin	t	2022-01-14 20:45:59.475
11	9	9	admin	t	2022-01-14 20:45:59.476
12	10	10	admin	t	2022-01-14 20:45:59.477
13	11	11	admin	t	2022-01-14 20:45:59.478
14	12	12	admin	t	2022-01-14 20:45:59.479
15	13	13	admin	t	2022-01-14 20:45:59.480
101	101	101	user	t	2022-01-14 20:45:59.481
102	102	102	user	t	2022-01-14 20:45:59.482
103	103	103	user	t	2022-01-14 20:45:59.483
104	104	104	user	t	2022-01-14 20:45:59.484
105	105	105	user	t	2022-01-14 20:45:59.485
106	106	106	user	t	2022-01-14 20:45:59.468
107	107	107	user	t	2022-01-14 20:45:59.487
108	108	108	user	t	2022-01-14 20:45:59.488
109	109	109	user	t	2022-01-14 20:45:59.489
110	110	110	user	t	2022-01-14 20:45:59.490
111	111	111	user	t	2022-01-14 20:45:59.491
116	116	116	testuser	t	2022-01-14 20:45:59.492
117	117	117	testuser	t	2022-01-14 20:45:59.493
118	118	118	testuser	t	2022-01-14 20:45:59.494
119	119	119	testuser	t	2022-01-14 20:45:59.495
120	120	120	testuser	t	2022-01-14 20:45:59.495
121	121	121	testuser	t	2022-01-14 20:45:59.497
122	122	122	testuser	t	2022-01-14 20:45:59.498
123	123	123	testuser	t	2022-01-14 20:45:59.499
124	124	124	testuser	t	2022-01-14 20:45:59.500
125	125	125	testuser	t	2022-01-14 20:45:59.501
126	126	126	testuser	t	2022-01-14 20:45:59.502
\.


--
-- TOC entry 3047 (class 0 OID 16398)
-- Dependencies: 204
-- Data for Name: language; Type: TABLE DATA; Schema: public; Owner: postgres
--

COPY public.language (id, lang_code, name) FROM stdin;
1	en	English
2	pl	Polski
\.


--
-- TOC entry 3048 (class 0 OID 16401)
-- Dependencies: 205
-- Data for Name: question; Type: TABLE DATA; Schema: public; Owner: postgres
--

COPY public.question (id, name, lang_code) FROM stdin;
3	gęś	pl
4	ryba	pl
5	kurczak	pl
6	owca	pl
7	mrówka	pl
8	pingwin	pl
9	delfin	pl
10	kaczka	pl
11	żaba	pl
12	małpa	pl
13	pszczoła	pl
14	pies	pl
15	tygrys	pl
16	świnia	pl
17	koń	pl
18	niedźwiedź	pl
19	krowa	pl
20	kot	pl
21	lew	pl
22	wilk	pl
23	ptak	pl
24	królik	pl
25	słoń	pl
26	emergency exit	en
27	passport	en
28	identyfication card ID	en
29	arrival	en
30	luggage	en
31	security guard	en
32	life jacket	en
33	departure	en
34	landing	en
35	immigration control	en
36	window seat	en
37	check-in desk	en
38	flight	en
39	destination	en
40	captain	en
41	passport control	en
42	samolot	en
43	currency exchange	en
44	delayed	en
100	aktorka	pl
101	zgoda	pl
102	zakret	pl
103	pod	pl
104	kompleks	pl
105	rywalizacja	pl
106	gra	pl
107	obraz	pl
108	koncentracja	pl
109	konkluzja	pl
110	schemat	pl
111	dieta	pl
112	ekwiwalent	pl
113	ucieczka	pl
114	kwadrat	pl
115	temat	pl
116	metoda	pl
117	klucz	pl
118	patyk	pl
119	malutki	pl
120	sklep	pl
121	chmura	pl
122	butelka	pl
123	kwiat	pl
124	fotel	pl
125	dywan	pl
126	lampa	pl
127	beton	pl
128	wazon	pl
129	drzwi	pl
130	embrace	en
131	proliferate	en
132	law enforcement	en
133	pursue	en
134	unanonimously	en
135	amid	en
136	reputedly	en
137	government	en
138	friend	en
139	force	en
140	health	en
141	community	en
142	hour	en
143	life	en
144	minute	en
145	office	en
146	power	en
147	party	en
148	service	en
149	student	en
150	team	en
151	war	en
152	water	en
153	jungle	en
154	teacher	en
155	story	en
156	cheese	en
157	bacon	en
158	bread	en
159	juice	en
\.


--
-- TOC entry 3050 (class 0 OID 16409)
-- Dependencies: 207
-- Data for Name: quiz; Type: TABLE DATA; Schema: public; Owner: postgres
--

COPY public.quiz (id, name, score, users) FROM stdin;
59	first	\N	admin
71	first	\N	user
83	first	\N	testuser
\.


--
-- TOC entry 3051 (class 0 OID 16415)
-- Dependencies: 208
-- Data for Name: quiz_flashcards; Type: TABLE DATA; Schema: public; Owner: postgres
--

COPY public.quiz_flashcards (id, flashcard, quiz, user_answer) FROM stdin;
48	5	59	\N
49	6	59	\N
50	7	59	\N
51	8	59	\N
52	9	59	\N
53	10	59	\N
54	11	59	\N
55	12	59	\N
56	13	59	\N
57	14	59	\N
58	15	59	\N
60	101	71	\N
61	102	71	\N
62	103	71	\N
63	104	71	\N
64	105	71	\N
65	106	71	\N
66	107	71	\N
67	108	71	\N
68	109	71	\N
69	110	71	\N
70	111	71	\N
72	116	83	\N
73	117	83	\N
74	118	83	\N
75	119	83	\N
76	120	83	\N
77	121	83	\N
78	122	83	\N
79	123	83	\N
80	124	83	\N
81	125	83	\N
82	126	83	\N
\.


--
-- TOC entry 3052 (class 0 OID 16418)
-- Dependencies: 209
-- Data for Name: users; Type: TABLE DATA; Schema: public; Owner: postgres
--

COPY public.users (id, email, password, role, username) FROM stdin;
1	testuser@example.com	$2a$10$KYJ95XNMQ/oo8yil4783IupbqqN6wtdmJyRQv9h/z/09lyXKrFACC	user	testuser
2	user@example.com	$2a$10$Y.sDL4.8to74kZP8qWYV.OVH0fONFcFNkWqxMYmqVQRDLeMvEmZXa	user	user
3	admin@example.com	$2a$10$v0gAGqGP7MlPHD9A1rcqiOVaMvuiITaWaqk6/d26j6n.03sJ4N5k2	admin	admin
\.


--
-- TOC entry 3060 (class 0 OID 0)
-- Dependencies: 201
-- Name: answer_id_seq; Type: SEQUENCE SET; Schema: public; Owner: postgres
--

SELECT pg_catalog.setval('public.answer_id_seq', 47, true);


--
-- TOC entry 3061 (class 0 OID 0)
-- Dependencies: 203
-- Name: hibernate_sequence; Type: SEQUENCE SET; Schema: public; Owner: postgres
--

SELECT pg_catalog.setval('public.hibernate_sequence', 83, true);


--
-- TOC entry 3062 (class 0 OID 0)
-- Dependencies: 206
-- Name: question_id_seq; Type: SEQUENCE SET; Schema: public; Owner: postgres
--

SELECT pg_catalog.setval('public.question_id_seq', 47, true);


--
-- TOC entry 3063 (class 0 OID 0)
-- Dependencies: 210
-- Name: users_id_seq; Type: SEQUENCE SET; Schema: public; Owner: postgres
--

SELECT pg_catalog.setval('public.users_id_seq', 3, true);


--
-- TOC entry 2886 (class 2606 OID 16428)
-- Name: answer answer_pkey; Type: CONSTRAINT; Schema: public; Owner: postgres
--

ALTER TABLE ONLY public.answer
    ADD CONSTRAINT answer_pkey PRIMARY KEY (id);


--
-- TOC entry 2888 (class 2606 OID 16430)
-- Name: flashcard flashcard_pkey; Type: CONSTRAINT; Schema: public; Owner: postgres
--

ALTER TABLE ONLY public.flashcard
    ADD CONSTRAINT flashcard_pkey PRIMARY KEY (id);


--
-- TOC entry 2890 (class 2606 OID 16432)
-- Name: language language_pkey; Type: CONSTRAINT; Schema: public; Owner: postgres
--

ALTER TABLE ONLY public.language
    ADD CONSTRAINT language_pkey PRIMARY KEY (id);


--
-- TOC entry 2894 (class 2606 OID 16434)
-- Name: question question_pkey; Type: CONSTRAINT; Schema: public; Owner: postgres
--

ALTER TABLE ONLY public.question
    ADD CONSTRAINT question_pkey PRIMARY KEY (id);


--
-- TOC entry 2898 (class 2606 OID 16436)
-- Name: quiz_flashcards quiz_flashcards_pkey; Type: CONSTRAINT; Schema: public; Owner: postgres
--

ALTER TABLE ONLY public.quiz_flashcards
    ADD CONSTRAINT quiz_flashcards_pkey PRIMARY KEY (id);


--
-- TOC entry 2896 (class 2606 OID 16438)
-- Name: quiz quiz_pkey; Type: CONSTRAINT; Schema: public; Owner: postgres
--

ALTER TABLE ONLY public.quiz
    ADD CONSTRAINT quiz_pkey PRIMARY KEY (id);


--
-- TOC entry 2900 (class 2606 OID 16440)
-- Name: users uk_6dotkott2kjsp8vw4d0m25fb7; Type: CONSTRAINT; Schema: public; Owner: postgres
--

ALTER TABLE ONLY public.users
    ADD CONSTRAINT uk_6dotkott2kjsp8vw4d0m25fb7 UNIQUE (email);


--
-- TOC entry 2892 (class 2606 OID 16442)
-- Name: language uk_cbumfd9lq0djjxydhhtyohy7q; Type: CONSTRAINT; Schema: public; Owner: postgres
--

ALTER TABLE ONLY public.language
    ADD CONSTRAINT uk_cbumfd9lq0djjxydhhtyohy7q UNIQUE (lang_code);


--
-- TOC entry 2902 (class 2606 OID 16444)
-- Name: users uk_r43af9ap4edm43mmtq01oddj6; Type: CONSTRAINT; Schema: public; Owner: postgres
--

ALTER TABLE ONLY public.users
    ADD CONSTRAINT uk_r43af9ap4edm43mmtq01oddj6 UNIQUE (username);


--
-- TOC entry 2904 (class 2606 OID 16446)
-- Name: users users_pkey; Type: CONSTRAINT; Schema: public; Owner: postgres
--

ALTER TABLE ONLY public.users
    ADD CONSTRAINT users_pkey PRIMARY KEY (id);


--
-- TOC entry 2906 (class 2606 OID 16447)
-- Name: flashcard fk171t5ci6nho24ikkm6k5u3v06; Type: FK CONSTRAINT; Schema: public; Owner: postgres
--

ALTER TABLE ONLY public.flashcard
    ADD CONSTRAINT fk171t5ci6nho24ikkm6k5u3v06 FOREIGN KEY (answer) REFERENCES public.answer(id);


--
-- TOC entry 2911 (class 2606 OID 16452)
-- Name: quiz_flashcards fk1b0bh7gix131chfb4uikysntk; Type: FK CONSTRAINT; Schema: public; Owner: postgres
--

ALTER TABLE ONLY public.quiz_flashcards
    ADD CONSTRAINT fk1b0bh7gix131chfb4uikysntk FOREIGN KEY (flashcard) REFERENCES public.flashcard(id);


--
-- TOC entry 2907 (class 2606 OID 16457)
-- Name: flashcard fk1j15ckt3e5mkhqbw85iu61na7; Type: FK CONSTRAINT; Schema: public; Owner: postgres
--

ALTER TABLE ONLY public.flashcard
    ADD CONSTRAINT fk1j15ckt3e5mkhqbw85iu61na7 FOREIGN KEY (question) REFERENCES public.question(id);


--
-- TOC entry 2910 (class 2606 OID 16462)
-- Name: quiz fkdys1ndttuc81qwlvglht1wu7j; Type: FK CONSTRAINT; Schema: public; Owner: postgres
--

ALTER TABLE ONLY public.quiz
    ADD CONSTRAINT fkdys1ndttuc81qwlvglht1wu7j FOREIGN KEY (users) REFERENCES public.users(username);


--
-- TOC entry 2912 (class 2606 OID 16467)
-- Name: quiz_flashcards fkgpyibxdu5iy5y97foef6gaikg; Type: FK CONSTRAINT; Schema: public; Owner: postgres
--

ALTER TABLE ONLY public.quiz_flashcards
    ADD CONSTRAINT fkgpyibxdu5iy5y97foef6gaikg FOREIGN KEY (quiz) REFERENCES public.quiz(id);


--
-- TOC entry 2909 (class 2606 OID 16472)
-- Name: question fkj3ij23d0bb5y28euysef4wg1q; Type: FK CONSTRAINT; Schema: public; Owner: postgres
--

ALTER TABLE ONLY public.question
    ADD CONSTRAINT fkj3ij23d0bb5y28euysef4wg1q FOREIGN KEY (lang_code) REFERENCES public.language(lang_code);


--
-- TOC entry 2908 (class 2606 OID 16477)
-- Name: flashcard fkk502jg6u8gsr0d07sq33ol36t; Type: FK CONSTRAINT; Schema: public; Owner: postgres
--

ALTER TABLE ONLY public.flashcard
    ADD CONSTRAINT fkk502jg6u8gsr0d07sq33ol36t FOREIGN KEY (users) REFERENCES public.users(username);


--
-- TOC entry 2905 (class 2606 OID 16482)
-- Name: answer fkkg60f698v1hg0ts3v6xgri531; Type: FK CONSTRAINT; Schema: public; Owner: postgres
--

ALTER TABLE ONLY public.answer
    ADD CONSTRAINT fkkg60f698v1hg0ts3v6xgri531 FOREIGN KEY (lang_code) REFERENCES public.language(lang_code);


-- Completed on 2022-01-14 21:50:24

--
-- PostgreSQL database dump complete
--

